"which_list","list_id","list_name","condition","display_id","target_object","adj","degree","target_image","competitor_image","other1_image","other2_image","LT","RT","LB","RB","mentioned_color","mentioned_color_word","sentence","instruction","target_loc","competitor_loc","item_id","trial_in_list"
"List1",1,"List1","exp",1,"beaker","warm",60,"beaker-warm-orange.png","beaker-hot-green.png","flask-warm-orange.png","flask-hot-green.png","beaker-warm-orange.png","flask-warm-orange.png","beaker-hot-green.png","flask-hot-green.png","o","orange","The water | in the beaker | is warm | and orange.","The water | in the beaker | is warm | and orange.","LT","LB","1_beaker",1
"List1",1,"List1","exp",1,"flask","warm",60,"flask-warm-orange.png","flask-hot-green.png","beaker-warm-orange.png","beaker-hot-green.png","beaker-warm-orange.png","flask-warm-orange.png","beaker-hot-green.png","flask-hot-green.png","o","orange","The water | in the flask | is warm | and orange.","The water | in the flask | is warm | and orange.","RT","RB","1_flask",2
"List1",1,"List1","exp",2,"beaker","warm",60,"beaker-warm-green.png","beaker-hot-purple.png","flask-warm-purple.png","flask-hot-green.png","beaker-hot-purple.png","flask-hot-green.png","beaker-warm-green.png","flask-warm-purple.png","g","green","The water | in the beaker | is warm | and green.","The water | in the beaker | is warm | and green.","LB","LT","2_beaker",3
"List1",1,"List1","exp",2,"flask","warm",60,"flask-warm-purple.png","flask-hot-green.png","beaker-warm-green.png","beaker-hot-purple.png","beaker-warm-green.png","flask-warm-purple.png","beaker-hot-purple.png","flask-hot-green.png","p","purple","The water | in the flask | is warm | and purple.","The water | in the flask | is warm | and purple.","RT","RB","2_flask",4
"List1",1,"List1","exp",3,"beaker","boiling",100,"beaker-hot-green.png","beaker-warm-orange.png","flask-hot-green.png","flask-warm-orange.png","flask-hot-green.png","beaker-hot-green.png","flask-warm-orange.png","beaker-warm-orange.png","g","green","The water | in the beaker | is boiling | and green.","The water | in the beaker | is boiling | and green.","RT","RB","3_beaker",5
"List1",1,"List1","exp",3,"flask","boiling",100,"flask-hot-green.png","flask-warm-orange.png","beaker-hot-green.png","beaker-warm-orange.png","beaker-warm-orange.png","flask-warm-orange.png","beaker-hot-green.png","flask-hot-green.png","g","green","The water | in the flask | is boiling | and green.","The water | in the flask | is boiling | and green.","RB","RT","3_flask",6
"List1",1,"List1","exp",4,"beaker","boiling",100,"beaker-hot-orange.png","beaker-warm-purple.png","flask-hot-purple.png","flask-warm-orange.png","flask-warm-orange.png","beaker-warm-purple.png","flask-hot-purple.png","beaker-hot-orange.png","o","orange","The water | in the beaker | is boiling | and orange.","The water | in the beaker | is boiling | and orange.","RB","RT","4_beaker",7
"List1",1,"List1","exp",4,"flask","boiling",100,"flask-hot-purple.png","flask-warm-orange.png","beaker-hot-orange.png","beaker-warm-purple.png","flask-hot-purple.png","beaker-hot-orange.png","flask-warm-orange.png","beaker-warm-purple.png","p","purple","The water | in the flask | is boiling | and purple.","The water | in the flask | is boiling | and purple.","LT","LB","4_flask",8
"List1",1,"List1","exp",5,"beaker","cool",10,"beaker-cool-purple.png","beaker-cold-orange.png","flask-cool-purple.png","flask-cold-orange.png","beaker-cold-orange.png","flask-cold-orange.png","beaker-cool-purple.png","flask-cool-purple.png","p","purple","The water | in the beaker | is cool | and purple.","The water | in the beaker | is cool | and purple.","LB","LT","5_beaker",9
"List1",1,"List1","exp",5,"flask","cool",10,"flask-cool-purple.png","flask-cold-orange.png","beaker-cool-purple.png","beaker-cold-orange.png","flask-cool-purple.png","beaker-cool-purple.png","flask-cold-orange.png","beaker-cold-orange.png","p","purple","The water | in the flask | is cool | and purple.","The water | in the flask | is cool | and purple.","LT","LB","5_flask",10
"List1",1,"List1","exp",6,"beaker","cool",10,"beaker-cool-orange.png","beaker-cold-green.png","flask-cool-green.png","flask-cold-orange.png","beaker-cool-orange.png","flask-cool-green.png","beaker-cold-green.png","flask-cold-orange.png","o","orange","The water | in the beaker | is cool | and orange.","The water | in the beaker | is cool | and orange.","LT","LB","6_beaker",11
"List1",1,"List1","exp",6,"flask","cool",10,"flask-cool-green.png","flask-cold-orange.png","beaker-cool-orange.png","beaker-cold-green.png","beaker-cool-orange.png","flask-cool-green.png","beaker-cold-green.png","flask-cold-orange.png","g","green","The water | in the flask | is cool | and green.","The water | in the flask | is cool | and green.","RT","RB","6_flask",12
"List1",1,"List1","exp",7,"beaker","freezing",0,"beaker-cold-orange.png","beaker-cool-green.png","flask-cold-orange.png","flask-cool-green.png","beaker-cool-green.png","flask-cool-green.png","beaker-cold-orange.png","flask-cold-orange.png","o","orange","The water | in the beaker | is freezing | and orange.","The water | in the beaker | is freezing | and orange.","LB","LT","7_beaker",13
"List1",1,"List1","exp",7,"flask","freezing",0,"flask-cold-orange.png","flask-cool-green.png","beaker-cold-orange.png","beaker-cool-green.png","beaker-cold-orange.png","flask-cold-orange.png","beaker-cool-green.png","flask-cool-green.png","o","orange","The water | in the flask | is freezing | and orange.","The water | in the flask | is freezing | and orange.","RT","RB","7_flask",14
"List1",1,"List1","exp",8,"beaker","freezing",0,"beaker-cold-green.png","beaker-cool-purple.png","flask-cold-purple.png","flask-cool-green.png","flask-cool-green.png","beaker-cool-purple.png","flask-cold-purple.png","beaker-cold-green.png","g","green","The water | in the beaker | is freezing | and green.","The water | in the beaker | is freezing | and green.","RB","RT","8_beaker",15
"List1",1,"List1","exp",8,"flask","freezing",0,"flask-cold-purple.png","flask-cool-green.png","beaker-cold-green.png","beaker-cool-purple.png","flask-cool-green.png","beaker-cool-purple.png","flask-cold-purple.png","beaker-cold-green.png","p","purple","The water | in the flask | is freezing | and purple.","The water | in the flask | is freezing | and purple.","LB","LT","8_flask",16
"List1",1,"List1","number",9,"beaker","0",0,"beaker-cold-green.png","beaker-cool-purple.png","flask-cold-purple.png","flask-cool-green.png","flask-cold-purple.png","beaker-cold-green.png","flask-cool-green.png","beaker-cool-purple.png","g","green","The water | in the beaker | is about 0 degree| and green.","The water | in the beaker | is about 0 degree| and green.","RT","RB","9_beaker",17
"List1",1,"List1","number",9,"flask","0",0,"flask-cold-purple.png","flask-cool-green.png","beaker-cold-green.png","beaker-cool-purple.png","flask-cool-green.png","beaker-cool-purple.png","flask-cold-purple.png","beaker-cold-green.png","p","purple","The water | in the flask | is about 0 degree| and purple.","The water | in the flask | is about 0 degree| and purple.","LB","LT","9_flask",18
"List1",1,"List1","number",10,"beaker","10",10,"beaker-cool-orange.png","beaker-cold-green.png","flask-cool-green.png","flask-cold-orange.png","flask-cold-orange.png","beaker-cold-green.png","flask-cool-green.png","beaker-cool-orange.png","o","orange","The water | in the beaker | is about 10 degree| and orange.","The water | in the beaker | is about 10 degree| and orange.","RB","RT","10_beaker",19
"List1",1,"List1","number",10,"flask","10",10,"flask-cool-green.png","flask-cold-orange.png","beaker-cool-orange.png","beaker-cold-green.png","flask-cool-green.png","beaker-cool-orange.png","flask-cold-orange.png","beaker-cold-green.png","g","green","The water | in the flask | is about 10 degree| and green.","The water | in the flask | is about 10 degree| and green.","LT","LB","10_flask",20
"List1",1,"List1","number",11,"beaker","60",60,"beaker-warm-orange.png","beaker-hot-purple.png","flask-warm-purple.png","flask-hot-orange.png","beaker-warm-orange.png","flask-warm-purple.png","beaker-hot-purple.png","flask-hot-orange.png","o","orange","The water | in the beaker | is about 60 degree| and orange.","The water | in the beaker | is about 60 degree| and orange.","LT","LB","11_beaker",21
"List1",1,"List1","number",11,"flask","60",60,"flask-warm-purple.png","flask-hot-orange.png","beaker-warm-orange.png","beaker-hot-purple.png","beaker-warm-orange.png","flask-warm-purple.png","beaker-hot-purple.png","flask-hot-orange.png","p","purple","The water | in the flask | is about 60 degree| and purple.","The water | in the flask | is about 60 degree| and purple.","RT","RB","11_flask",22
"List1",1,"List1","number",12,"beaker","100",100,"beaker-hot-green.png","beaker-warm-purple.png","flask-hot-purple.png","flask-warm-green.png","beaker-warm-purple.png","flask-warm-green.png","beaker-hot-green.png","flask-hot-purple.png","g","green","The water | in the beaker | is about 100 degree| and green.","The water | in the beaker | is about 100 degree| and green.","LB","LT","12_beaker",23
"List1",1,"List1","number",12,"flask","100",100,"flask-hot-purple.png","flask-warm-green.png","beaker-hot-green.png","beaker-warm-purple.png","beaker-warm-purple.png","flask-warm-green.png","beaker-hot-green.png","flask-hot-purple.png","p","purple","The water | in the flask | is about 100 degree| and purple.","The water | in the flask | is about 100 degree| and purple.","RB","RT","12_flask",24
"List1",1,"List1","typeB",13,"flask","0",0,"flask-cool-green.png","flask-cool-orange.png","beaker-cold-orange.png","beaker-cold-green.png","flask-cool-orange.png","beaker-cold-green.png","flask-cool-green.png","beaker-cold-orange.png","g","green","The water | in the flask | is about 0 degree| and green.","The water | in the flask | is about 0 degree| and green.","LB","LT","13_flask",25
"List1",1,"List1","typeB",14,"flask","0",0,"flask-cool-purple.png","flask-cool-orange.png","beaker-cold-orange.png","beaker-cold-purple.png","beaker-cold-orange.png","flask-cool-purple.png","beaker-cold-purple.png","flask-cool-orange.png","p","purple","The water | in the flask | is about 0 degree| and purple.","The water | in the flask | is about 0 degree| and purple.","RT","RB","14_flask",26
"List1",1,"List1","typeB",15,"beaker","10",10,"beaker-cool-green.png","beaker-cool-purple.png","flask-cold-green.png","flask-cold-purple.png","flask-cold-purple.png","beaker-cool-purple.png","flask-cold-green.png","beaker-cool-green.png","g","green","The water | in the beaker | is about 10 degree| and green.","The water | in the beaker | is about 10 degree| and green.","RB","RT","15_beaker",27
"List1",1,"List1","typeB",16,"beaker","10",10,"beaker-cool-orange.png","beaker-cool-green.png","flask-cold-orange.png","flask-cold-green.png","beaker-cool-orange.png","flask-cold-orange.png","beaker-cool-green.png","flask-cold-green.png","o","orange","The water | in the beaker | is about 10 degree| and orange.","The water | in the beaker | is about 10 degree| and orange.","LT","LB","16_beaker",28
"List1",1,"List1","typeB",17,"flask","60",60,"flask-hot-purple.png","flask-hot-orange.png","beaker-warm-orange.png","beaker-warm-purple.png","beaker-warm-purple.png","flask-hot-orange.png","beaker-warm-orange.png","flask-hot-purple.png","p","purple","The water | in the flask | is about 60 degree| and purple.","The water | in the flask | is about 60 degree| and purple.","RB","RT","17_flask",29
"List1",1,"List1","typeB",18,"beaker","60",60,"beaker-warm-green.png","beaker-warm-purple.png","flask-hot-green.png","flask-hot-purple.png","beaker-warm-purple.png","flask-hot-purple.png","beaker-warm-green.png","flask-hot-green.png","g","green","The water | in the beaker | is about 60 degree| and green.","The water | in the beaker | is about 60 degree| and green.","LB","LT","18_beaker",30
"List1",1,"List1","typeB",19,"beaker","100",100,"beaker-hot-orange.png","beaker-hot-green.png","flask-warm-orange.png","flask-warm-green.png","flask-warm-green.png","beaker-hot-green.png","flask-warm-orange.png","beaker-hot-orange.png","o","orange","The water | in the beaker | is about 100 degree| and orange.","The water | in the beaker | is about 100 degree| and orange.","RB","RT","19_beaker",31
"List1",1,"List1","typeB",20,"flask","100",100,"flask-warm-purple.png","flask-warm-orange.png","beaker-hot-orange.png","beaker-hot-purple.png","flask-warm-purple.png","beaker-hot-orange.png","flask-warm-orange.png","beaker-hot-purple.png","p","purple","The water | in the flask | is about 100 degree| and purple.","The water | in the flask | is about 100 degree| and purple.","LT","LB","20_flask",32
"List2",2,"List2","exp",1,"beaker","warm",60,"beaker-warm-orange.png","beaker-hot-green.png","flask-warm-orange.png","flask-hot-green.png","beaker-warm-orange.png","flask-warm-orange.png","beaker-hot-green.png","flask-hot-green.png","o","orange","The water | in the beaker | is warm | and orange.","The water | in the beaker | is warm | and orange.","LT","LB","1_beaker",1
"List2",2,"List2","exp",1,"flask","warm",60,"flask-warm-orange.png","flask-hot-green.png","beaker-warm-orange.png","beaker-hot-green.png","flask-warm-orange.png","beaker-warm-orange.png","flask-hot-green.png","beaker-hot-green.png","o","orange","The water | in the flask | is warm | and orange.","The water | in the flask | is warm | and orange.","LT","LB","1_flask",2
"List2",2,"List2","exp",2,"beaker","warm",60,"beaker-warm-green.png","beaker-hot-purple.png","flask-warm-purple.png","flask-hot-green.png","flask-hot-green.png","beaker-hot-purple.png","flask-warm-purple.png","beaker-warm-green.png","g","green","The water | in the beaker | is warm | and green.","The water | in the beaker | is warm | and green.","RB","RT","2_beaker",3
"List2",2,"List2","exp",2,"flask","warm",60,"flask-warm-purple.png","flask-hot-green.png","beaker-warm-green.png","beaker-hot-purple.png","beaker-hot-purple.png","flask-hot-green.png","beaker-warm-green.png","flask-warm-purple.png","p","purple","The water | in the flask | is warm | and purple.","The water | in the flask | is warm | and purple.","RB","RT","2_flask",4
"List2",2,"List2","exp",3,"beaker","boiling",100,"beaker-hot-green.png","beaker-warm-orange.png","flask-hot-green.png","flask-warm-orange.png","beaker-warm-orange.png","flask-warm-orange.png","beaker-hot-green.png","flask-hot-green.png","g","green","The water | in the beaker | is boiling | and green.","The water | in the beaker | is boiling | and green.","LB","LT","3_beaker",5
"List2",2,"List2","exp",3,"flask","boiling",100,"flask-hot-green.png","flask-warm-orange.png","beaker-hot-green.png","beaker-warm-orange.png","beaker-warm-orange.png","flask-warm-orange.png","beaker-hot-green.png","flask-hot-green.png","g","green","The water | in the flask | is boiling | and green.","The water | in the flask | is boiling | and green.","RB","RT","3_flask",6
"List2",2,"List2","exp",4,"beaker","boiling",100,"beaker-hot-orange.png","beaker-warm-purple.png","flask-hot-purple.png","flask-warm-orange.png","beaker-hot-orange.png","flask-hot-purple.png","beaker-warm-purple.png","flask-warm-orange.png","o","orange","The water | in the beaker | is boiling | and orange.","The water | in the beaker | is boiling | and orange.","LT","LB","4_beaker",7
"List2",2,"List2","exp",4,"flask","boiling",100,"flask-hot-purple.png","flask-warm-orange.png","beaker-hot-orange.png","beaker-warm-purple.png","beaker-hot-orange.png","flask-hot-purple.png","beaker-warm-purple.png","flask-warm-orange.png","p","purple","The water | in the flask | is boiling | and purple.","The water | in the flask | is boiling | and purple.","RT","RB","4_flask",8
"List2",2,"List2","exp",5,"beaker","cool",10,"beaker-cool-purple.png","beaker-cold-orange.png","flask-cool-purple.png","flask-cold-orange.png","beaker-cold-orange.png","flask-cold-orange.png","beaker-cool-purple.png","flask-cool-purple.png","p","purple","The water | in the beaker | is cool | and purple.","The water | in the beaker | is cool | and purple.","LB","LT","5_beaker",9
"List2",2,"List2","exp",5,"flask","cool",10,"flask-cool-purple.png","flask-cold-orange.png","beaker-cool-purple.png","beaker-cold-orange.png","beaker-cold-orange.png","flask-cold-orange.png","beaker-cool-purple.png","flask-cool-purple.png","p","purple","The water | in the flask | is cool | and purple.","The water | in the flask | is cool | and purple.","RB","RT","5_flask",10
"List2",2,"List2","exp",6,"beaker","cool",10,"beaker-cool-orange.png","beaker-cold-green.png","flask-cool-green.png","flask-cold-orange.png","flask-cold-orange.png","beaker-cold-green.png","flask-cool-green.png","beaker-cool-orange.png","o","orange","The water | in the beaker | is cool | and orange.","The water | in the beaker | is cool | and orange.","RB","RT","6_beaker",11
"List2",2,"List2","exp",6,"flask","cool",10,"flask-cool-green.png","flask-cold-orange.png","beaker-cool-orange.png","beaker-cold-green.png","beaker-cold-green.png","flask-cold-orange.png","beaker-cool-orange.png","flask-cool-green.png","g","green","The water | in the flask | is cool | and green.","The water | in the flask | is cool | and green.","RB","RT","6_flask",12
"List2",2,"List2","exp",7,"beaker","freezing",0,"beaker-cold-orange.png","beaker-cool-green.png","flask-cold-orange.png","flask-cool-green.png","beaker-cool-green.png","flask-cool-green.png","beaker-cold-orange.png","flask-cold-orange.png","o","orange","The water | in the beaker | is freezing | and orange.","The water | in the beaker | is freezing | and orange.","LB","LT","7_beaker",13
"List2",2,"List2","exp",7,"flask","freezing",0,"flask-cold-orange.png","flask-cool-green.png","beaker-cold-orange.png","beaker-cool-green.png","beaker-cold-orange.png","flask-cold-orange.png","beaker-cool-green.png","flask-cool-green.png","o","orange","The water | in the flask | is freezing | and orange.","The water | in the flask | is freezing | and orange.","RT","RB","7_flask",14
"List2",2,"List2","exp",8,"beaker","freezing",0,"beaker-cold-green.png","beaker-cool-purple.png","flask-cold-purple.png","flask-cool-green.png","beaker-cold-green.png","flask-cold-purple.png","beaker-cool-purple.png","flask-cool-green.png","g","green","The water | in the beaker | is freezing | and green.","The water | in the beaker | is freezing | and green.","LT","LB","8_beaker",15
"List2",2,"List2","exp",8,"flask","freezing",0,"flask-cold-purple.png","flask-cool-green.png","beaker-cold-green.png","beaker-cool-purple.png","flask-cold-purple.png","beaker-cold-green.png","flask-cool-green.png","beaker-cool-purple.png","p","purple","The water | in the flask | is freezing | and purple.","The water | in the flask | is freezing | and purple.","LT","LB","8_flask",16
"List2",2,"List2","number",9,"beaker","0",0,"beaker-cold-green.png","beaker-cool-purple.png","flask-cold-purple.png","flask-cool-green.png","beaker-cool-purple.png","flask-cool-green.png","beaker-cold-green.png","flask-cold-purple.png","g","green","The water | in the beaker | is about 0 degree| and green.","The water | in the beaker | is about 0 degree| and green.","LB","LT","9_beaker",17
"List2",2,"List2","number",9,"flask","0",0,"flask-cold-purple.png","flask-cool-green.png","beaker-cold-green.png","beaker-cool-purple.png","flask-cool-green.png","beaker-cool-purple.png","flask-cold-purple.png","beaker-cold-green.png","p","purple","The water | in the flask | is about 0 degree| and purple.","The water | in the flask | is about 0 degree| and purple.","LB","LT","9_flask",18
"List2",2,"List2","number",10,"beaker","10",10,"beaker-cool-orange.png","beaker-cold-green.png","flask-cool-green.png","flask-cold-orange.png","flask-cool-green.png","beaker-cool-orange.png","flask-cold-orange.png","beaker-cold-green.png","o","orange","The water | in the beaker | is about 10 degree| and orange.","The water | in the beaker | is about 10 degree| and orange.","RT","RB","10_beaker",19
"List2",2,"List2","number",10,"flask","10",10,"flask-cool-green.png","flask-cold-orange.png","beaker-cool-orange.png","beaker-cold-green.png","beaker-cool-orange.png","flask-cool-green.png","beaker-cold-green.png","flask-cold-orange.png","g","green","The water | in the flask | is about 10 degree| and green.","The water | in the flask | is about 10 degree| and green.","RT","RB","10_flask",20
"List2",2,"List2","number",11,"beaker","60",60,"beaker-warm-orange.png","beaker-hot-purple.png","flask-warm-purple.png","flask-hot-orange.png","flask-warm-purple.png","beaker-warm-orange.png","flask-hot-orange.png","beaker-hot-purple.png","o","orange","The water | in the beaker | is about 60 degree| and orange.","The water | in the beaker | is about 60 degree| and orange.","RT","RB","11_beaker",21
"List2",2,"List2","number",11,"flask","60",60,"flask-warm-purple.png","flask-hot-orange.png","beaker-warm-orange.png","beaker-hot-purple.png","beaker-hot-purple.png","flask-hot-orange.png","beaker-warm-orange.png","flask-warm-purple.png","p","purple","The water | in the flask | is about 60 degree| and purple.","The water | in the flask | is about 60 degree| and purple.","RB","RT","11_flask",22
"List2",2,"List2","number",12,"beaker","100",100,"beaker-hot-green.png","beaker-warm-purple.png","flask-hot-purple.png","flask-warm-green.png","flask-hot-purple.png","beaker-hot-green.png","flask-warm-green.png","beaker-warm-purple.png","g","green","The water | in the beaker | is about 100 degree| and green.","The water | in the beaker | is about 100 degree| and green.","RT","RB","12_beaker",23
"List2",2,"List2","number",12,"flask","100",100,"flask-hot-purple.png","flask-warm-green.png","beaker-hot-green.png","beaker-warm-purple.png","flask-hot-purple.png","beaker-hot-green.png","flask-warm-green.png","beaker-warm-purple.png","p","purple","The water | in the flask | is about 100 degree| and purple.","The water | in the flask | is about 100 degree| and purple.","LT","LB","12_flask",24
"List2",2,"List2","typeB",13,"beaker","0",0,"beaker-cold-orange.png","beaker-cold-green.png","flask-cool-orange.png","flask-cool-green.png","flask-cool-orange.png","beaker-cold-orange.png","flask-cool-green.png","beaker-cold-green.png","o","orange","The water | in the beaker | is about 0 degree| and orange.","The water | in the beaker | is about 0 degree| and orange.","RT","RB","13_beaker",25
"List2",2,"List2","typeB",14,"flask","0",0,"flask-cool-purple.png","flask-cool-orange.png","beaker-cold-orange.png","beaker-cold-purple.png","flask-cool-orange.png","beaker-cold-purple.png","flask-cool-purple.png","beaker-cold-orange.png","p","purple","The water | in the flask | is about 0 degree| and purple.","The water | in the flask | is about 0 degree| and purple.","LB","LT","14_flask",26
"List2",2,"List2","typeB",15,"beaker","10",10,"beaker-cool-green.png","beaker-cool-purple.png","flask-cold-green.png","flask-cold-purple.png","flask-cold-purple.png","beaker-cool-purple.png","flask-cold-green.png","beaker-cool-green.png","g","green","The water | in the beaker | is about 10 degree| and green.","The water | in the beaker | is about 10 degree| and green.","RB","RT","15_beaker",27
"List2",2,"List2","typeB",16,"beaker","10",10,"beaker-cool-orange.png","beaker-cool-green.png","flask-cold-orange.png","flask-cold-green.png","flask-cold-orange.png","beaker-cool-orange.png","flask-cold-green.png","beaker-cool-green.png","o","orange","The water | in the beaker | is about 10 degree| and orange.","The water | in the beaker | is about 10 degree| and orange.","RT","RB","16_beaker",28
"List2",2,"List2","typeB",17,"flask","60",60,"flask-hot-purple.png","flask-hot-orange.png","beaker-warm-orange.png","beaker-warm-purple.png","flask-hot-purple.png","beaker-warm-orange.png","flask-hot-orange.png","beaker-warm-purple.png","p","purple","The water | in the flask | is about 60 degree| and purple.","The water | in the flask | is about 60 degree| and purple.","LT","LB","17_flask",29
"List2",2,"List2","typeB",18,"beaker","60",60,"beaker-warm-green.png","beaker-warm-purple.png","flask-hot-green.png","flask-hot-purple.png","beaker-warm-purple.png","flask-hot-purple.png","beaker-warm-green.png","flask-hot-green.png","g","green","The water | in the beaker | is about 60 degree| and green.","The water | in the beaker | is about 60 degree| and green.","LB","LT","18_beaker",30
"List2",2,"List2","typeB",19,"beaker","100",100,"beaker-hot-orange.png","beaker-hot-green.png","flask-warm-orange.png","flask-warm-green.png","beaker-hot-green.png","flask-warm-green.png","beaker-hot-orange.png","flask-warm-orange.png","o","orange","The water | in the beaker | is about 100 degree| and orange.","The water | in the beaker | is about 100 degree| and orange.","LB","LT","19_beaker",31
"List2",2,"List2","typeB",20,"flask","100",100,"flask-warm-purple.png","flask-warm-orange.png","beaker-hot-orange.png","beaker-hot-purple.png","flask-warm-purple.png","beaker-hot-orange.png","flask-warm-orange.png","beaker-hot-purple.png","p","purple","The water | in the flask | is about 100 degree| and purple.","The water | in the flask | is about 100 degree| and purple.","LT","LB","20_flask",32
"List3",3,"List3","exp",1,"beaker","warm",60,"beaker-warm-orange.png","beaker-hot-green.png","flask-warm-orange.png","flask-hot-green.png","beaker-hot-green.png","flask-hot-green.png","beaker-warm-orange.png","flask-warm-orange.png","o","orange","The water | in the beaker | is warm | and orange.","The water | in the beaker | is warm | and orange.","LB","LT","1_beaker",1
"List3",3,"List3","exp",1,"flask","warm",60,"flask-warm-orange.png","flask-hot-green.png","beaker-warm-orange.png","beaker-hot-green.png","flask-hot-green.png","beaker-hot-green.png","flask-warm-orange.png","beaker-warm-orange.png","o","orange","The water | in the flask | is warm | and orange.","The water | in the flask | is warm | and orange.","LB","LT","1_flask",2
"List3",3,"List3","exp",2,"beaker","warm",60,"beaker-warm-green.png","beaker-hot-purple.png","flask-warm-purple.png","flask-hot-green.png","flask-warm-purple.png","beaker-warm-green.png","flask-hot-green.png","beaker-hot-purple.png","g","green","The water | in the beaker | is warm | and green.","The water | in the beaker | is warm | and green.","RT","RB","2_beaker",3
"List3",3,"List3","exp",2,"flask","warm",60,"flask-warm-purple.png","flask-hot-green.png","beaker-warm-green.png","beaker-hot-purple.png","beaker-warm-green.png","flask-warm-purple.png","beaker-hot-purple.png","flask-hot-green.png","p","purple","The water | in the flask | is warm | and purple.","The water | in the flask | is warm | and purple.","RT","RB","2_flask",4
"List3",3,"List3","exp",3,"beaker","boiling",100,"beaker-hot-green.png","beaker-warm-orange.png","flask-hot-green.png","flask-warm-orange.png","flask-warm-orange.png","beaker-warm-orange.png","flask-hot-green.png","beaker-hot-green.png","g","green","The water | in the beaker | is boiling | and green.","The water | in the beaker | is boiling | and green.","RB","RT","3_beaker",5
"List3",3,"List3","exp",3,"flask","boiling",100,"flask-hot-green.png","flask-warm-orange.png","beaker-hot-green.png","beaker-warm-orange.png","flask-warm-orange.png","beaker-warm-orange.png","flask-hot-green.png","beaker-hot-green.png","g","green","The water | in the flask | is boiling | and green.","The water | in the flask | is boiling | and green.","LB","LT","3_flask",6
"List3",3,"List3","exp",4,"beaker","boiling",100,"beaker-hot-orange.png","beaker-warm-purple.png","flask-hot-purple.png","flask-warm-orange.png","beaker-hot-orange.png","flask-hot-purple.png","beaker-warm-purple.png","flask-warm-orange.png","o","orange","The water | in the beaker | is boiling | and orange.","The water | in the beaker | is boiling | and orange.","LT","LB","4_beaker",7
"List3",3,"List3","exp",4,"flask","boiling",100,"flask-hot-purple.png","flask-warm-orange.png","beaker-hot-orange.png","beaker-warm-purple.png","beaker-hot-orange.png","flask-hot-purple.png","beaker-warm-purple.png","flask-warm-orange.png","p","purple","The water | in the flask | is boiling | and purple.","The water | in the flask | is boiling | and purple.","RT","RB","4_flask",8
"List3",3,"List3","exp",5,"beaker","cool",10,"beaker-cool-purple.png","beaker-cold-orange.png","flask-cool-purple.png","flask-cold-orange.png","flask-cool-purple.png","beaker-cool-purple.png","flask-cold-orange.png","beaker-cold-orange.png","p","purple","The water | in the beaker | is cool | and purple.","The water | in the beaker | is cool | and purple.","RT","RB","5_beaker",9
"List3",3,"List3","exp",5,"flask","cool",10,"flask-cool-purple.png","flask-cold-orange.png","beaker-cool-purple.png","beaker-cold-orange.png","flask-cool-purple.png","beaker-cool-purple.png","flask-cold-orange.png","beaker-cold-orange.png","p","purple","The water | in the flask | is cool | and purple.","The water | in the flask | is cool | and purple.","LT","LB","5_flask",10
"List3",3,"List3","exp",6,"beaker","cool",10,"beaker-cool-orange.png","beaker-cold-green.png","flask-cool-green.png","flask-cold-orange.png","flask-cold-orange.png","beaker-cold-green.png","flask-cool-green.png","beaker-cool-orange.png","o","orange","The water | in the beaker | is cool | and orange.","The water | in the beaker | is cool | and orange.","RB","RT","6_beaker",11
"List3",3,"List3","exp",6,"flask","cool",10,"flask-cool-green.png","flask-cold-orange.png","beaker-cool-orange.png","beaker-cold-green.png","flask-cool-green.png","beaker-cool-orange.png","flask-cold-orange.png","beaker-cold-green.png","g","green","The water | in the flask | is cool | and green.","The water | in the flask | is cool | and green.","LT","LB","6_flask",12
"List3",3,"List3","exp",7,"beaker","freezing",0,"beaker-cold-orange.png","beaker-cool-green.png","flask-cold-orange.png","flask-cool-green.png","flask-cool-green.png","beaker-cool-green.png","flask-cold-orange.png","beaker-cold-orange.png","o","orange","The water | in the beaker | is freezing | and orange.","The water | in the beaker | is freezing | and orange.","RB","RT","7_beaker",13
"List3",3,"List3","exp",7,"flask","freezing",0,"flask-cold-orange.png","flask-cool-green.png","beaker-cold-orange.png","beaker-cool-green.png","flask-cool-green.png","beaker-cool-green.png","flask-cold-orange.png","beaker-cold-orange.png","o","orange","The water | in the flask | is freezing | and orange.","The water | in the flask | is freezing | and orange.","LB","LT","7_flask",14
"List3",3,"List3","exp",8,"beaker","freezing",0,"beaker-cold-green.png","beaker-cool-purple.png","flask-cold-purple.png","flask-cool-green.png","flask-cold-purple.png","beaker-cold-green.png","flask-cool-green.png","beaker-cool-purple.png","g","green","The water | in the beaker | is freezing | and green.","The water | in the beaker | is freezing | and green.","RT","RB","8_beaker",15
"List3",3,"List3","exp",8,"flask","freezing",0,"flask-cold-purple.png","flask-cool-green.png","beaker-cold-green.png","beaker-cool-purple.png","flask-cool-green.png","beaker-cool-purple.png","flask-cold-purple.png","beaker-cold-green.png","p","purple","The water | in the flask | is freezing | and purple.","The water | in the flask | is freezing | and purple.","LB","LT","8_flask",16
"List3",3,"List3","number",9,"beaker","0",0,"beaker-cold-green.png","beaker-cool-purple.png","flask-cold-purple.png","flask-cool-green.png","beaker-cool-purple.png","flask-cool-green.png","beaker-cold-green.png","flask-cold-purple.png","g","green","The water | in the beaker | is about 0 degree| and green.","The water | in the beaker | is about 0 degree| and green.","LB","LT","9_beaker",17
"List3",3,"List3","number",9,"flask","0",0,"flask-cold-purple.png","flask-cool-green.png","beaker-cold-green.png","beaker-cool-purple.png","beaker-cold-green.png","flask-cold-purple.png","beaker-cool-purple.png","flask-cool-green.png","p","purple","The water | in the flask | is about 0 degree| and purple.","The water | in the flask | is about 0 degree| and purple.","RT","RB","9_flask",18
"List3",3,"List3","number",10,"beaker","10",10,"beaker-cool-orange.png","beaker-cold-green.png","flask-cool-green.png","flask-cold-orange.png","beaker-cool-orange.png","flask-cool-green.png","beaker-cold-green.png","flask-cold-orange.png","o","orange","The water | in the beaker | is about 10 degree| and orange.","The water | in the beaker | is about 10 degree| and orange.","LT","LB","10_beaker",19
"List3",3,"List3","number",10,"flask","10",10,"flask-cool-green.png","flask-cold-orange.png","beaker-cool-orange.png","beaker-cold-green.png","beaker-cold-green.png","flask-cold-orange.png","beaker-cool-orange.png","flask-cool-green.png","g","green","The water | in the flask | is about 10 degree| and green.","The water | in the flask | is about 10 degree| and green.","RB","RT","10_flask",20
"List3",3,"List3","number",11,"beaker","60",60,"beaker-warm-orange.png","beaker-hot-purple.png","flask-warm-purple.png","flask-hot-orange.png","beaker-warm-orange.png","flask-warm-purple.png","beaker-hot-purple.png","flask-hot-orange.png","o","orange","The water | in the beaker | is about 60 degree| and orange.","The water | in the beaker | is about 60 degree| and orange.","LT","LB","11_beaker",21
"List3",3,"List3","number",11,"flask","60",60,"flask-warm-purple.png","flask-hot-orange.png","beaker-warm-orange.png","beaker-hot-purple.png","flask-warm-purple.png","beaker-warm-orange.png","flask-hot-orange.png","beaker-hot-purple.png","p","purple","The water | in the flask | is about 60 degree| and purple.","The water | in the flask | is about 60 degree| and purple.","LT","LB","11_flask",22
"List3",3,"List3","number",12,"beaker","100",100,"beaker-hot-green.png","beaker-warm-purple.png","flask-hot-purple.png","flask-warm-green.png","beaker-hot-green.png","flask-hot-purple.png","beaker-warm-purple.png","flask-warm-green.png","g","green","The water | in the beaker | is about 100 degree| and green.","The water | in the beaker | is about 100 degree| and green.","LT","LB","12_beaker",23
"List3",3,"List3","number",12,"flask","100",100,"flask-hot-purple.png","flask-warm-green.png","beaker-hot-green.png","beaker-warm-purple.png","flask-warm-green.png","beaker-warm-purple.png","flask-hot-purple.png","beaker-hot-green.png","p","purple","The water | in the flask | is about 100 degree| and purple.","The water | in the flask | is about 100 degree| and purple.","LB","LT","12_flask",24
"List3",3,"List3","typeB",13,"beaker","0",0,"beaker-cold-orange.png","beaker-cold-green.png","flask-cool-orange.png","flask-cool-green.png","flask-cool-green.png","beaker-cold-green.png","flask-cool-orange.png","beaker-cold-orange.png","o","orange","The water | in the beaker | is about 0 degree| and orange.","The water | in the beaker | is about 0 degree| and orange.","RB","RT","13_beaker",25
"List3",3,"List3","typeB",14,"flask","0",0,"flask-cool-purple.png","flask-cool-orange.png","beaker-cold-orange.png","beaker-cold-purple.png","beaker-cold-purple.png","flask-cool-orange.png","beaker-cold-orange.png","flask-cool-purple.png","p","purple","The water | in the flask | is about 0 degree| and purple.","The water | in the flask | is about 0 degree| and purple.","RB","RT","14_flask",26
"List3",3,"List3","typeB",15,"beaker","10",10,"beaker-cool-green.png","beaker-cool-purple.png","flask-cold-green.png","flask-cold-purple.png","beaker-cool-green.png","flask-cold-green.png","beaker-cool-purple.png","flask-cold-purple.png","g","green","The water | in the beaker | is about 10 degree| and green.","The water | in the beaker | is about 10 degree| and green.","LT","LB","15_beaker",27
"List3",3,"List3","typeB",16,"beaker","10",10,"beaker-cool-orange.png","beaker-cool-green.png","flask-cold-orange.png","flask-cold-green.png","beaker-cool-green.png","flask-cold-green.png","beaker-cool-orange.png","flask-cold-orange.png","o","orange","The water | in the beaker | is about 10 degree| and orange.","The water | in the beaker | is about 10 degree| and orange.","LB","LT","16_beaker",28
"List3",3,"List3","typeB",17,"beaker","60",60,"beaker-warm-orange.png","beaker-warm-purple.png","flask-hot-orange.png","flask-hot-purple.png","flask-hot-orange.png","beaker-warm-orange.png","flask-hot-purple.png","beaker-warm-purple.png","o","orange","The water | in the beaker | is about 60 degree| and orange.","The water | in the beaker | is about 60 degree| and orange.","RT","RB","17_beaker",29
"List3",3,"List3","typeB",18,"beaker","60",60,"beaker-warm-green.png","beaker-warm-purple.png","flask-hot-green.png","flask-hot-purple.png","flask-hot-purple.png","beaker-warm-purple.png","flask-hot-green.png","beaker-warm-green.png","g","green","The water | in the beaker | is about 60 degree| and green.","The water | in the beaker | is about 60 degree| and green.","RB","RT","18_beaker",30
"List3",3,"List3","typeB",19,"flask","100",100,"flask-warm-green.png","flask-warm-orange.png","beaker-hot-orange.png","beaker-hot-green.png","beaker-hot-orange.png","flask-warm-green.png","beaker-hot-green.png","flask-warm-orange.png","g","green","The water | in the flask | is about 100 degree| and green.","The water | in the flask | is about 100 degree| and green.","RT","RB","19_flask",31
"List3",3,"List3","typeB",20,"flask","100",100,"flask-warm-purple.png","flask-warm-orange.png","beaker-hot-orange.png","beaker-hot-purple.png","beaker-hot-purple.png","flask-warm-orange.png","beaker-hot-orange.png","flask-warm-purple.png","p","purple","The water | in the flask | is about 100 degree| and purple.","The water | in the flask | is about 100 degree| and purple.","RB","RT","20_flask",32
"List4",4,"List4","exp",1,"beaker","warm",60,"beaker-warm-orange.png","beaker-hot-green.png","flask-warm-orange.png","flask-hot-green.png","flask-warm-orange.png","beaker-warm-orange.png","flask-hot-green.png","beaker-hot-green.png","o","orange","The water | in the beaker | is warm | and orange.","The water | in the beaker | is warm | and orange.","RT","RB","1_beaker",1
"List4",4,"List4","exp",1,"flask","warm",60,"flask-warm-orange.png","flask-hot-green.png","beaker-warm-orange.png","beaker-hot-green.png","beaker-warm-orange.png","flask-warm-orange.png","beaker-hot-green.png","flask-hot-green.png","o","orange","The water | in the flask | is warm | and orange.","The water | in the flask | is warm | and orange.","RT","RB","1_flask",2
"List4",4,"List4","exp",2,"beaker","warm",60,"beaker-warm-green.png","beaker-hot-purple.png","flask-warm-purple.png","flask-hot-green.png","beaker-hot-purple.png","flask-hot-green.png","beaker-warm-green.png","flask-warm-purple.png","g","green","The water | in the beaker | is warm | and green.","The water | in the beaker | is warm | and green.","LB","LT","2_beaker",3
"List4",4,"List4","exp",2,"flask","warm",60,"flask-warm-purple.png","flask-hot-green.png","beaker-warm-green.png","beaker-hot-purple.png","beaker-hot-purple.png","flask-hot-green.png","beaker-warm-green.png","flask-warm-purple.png","p","purple","The water | in the flask | is warm | and purple.","The water | in the flask | is warm | and purple.","RB","RT","2_flask",4
"List4",4,"List4","exp",3,"beaker","boiling",100,"beaker-hot-green.png","beaker-warm-orange.png","flask-hot-green.png","flask-warm-orange.png","beaker-hot-green.png","flask-hot-green.png","beaker-warm-orange.png","flask-warm-orange.png","g","green","The water | in the beaker | is boiling | and green.","The water | in the beaker | is boiling | and green.","LT","LB","3_beaker",5
"List4",4,"List4","exp",3,"flask","boiling",100,"flask-hot-green.png","flask-warm-orange.png","beaker-hot-green.png","beaker-warm-orange.png","flask-hot-green.png","beaker-hot-green.png","flask-warm-orange.png","beaker-warm-orange.png","g","green","The water | in the flask | is boiling | and green.","The water | in the flask | is boiling | and green.","LT","LB","3_flask",6
"List4",4,"List4","exp",4,"beaker","boiling",100,"beaker-hot-orange.png","beaker-warm-purple.png","flask-hot-purple.png","flask-warm-orange.png","flask-hot-purple.png","beaker-hot-orange.png","flask-warm-orange.png","beaker-warm-purple.png","o","orange","The water | in the beaker | is boiling | and orange.","The water | in the beaker | is boiling | and orange.","RT","RB","4_beaker",7
"List4",4,"List4","exp",4,"flask","boiling",100,"flask-hot-purple.png","flask-warm-orange.png","beaker-hot-orange.png","beaker-warm-purple.png","beaker-warm-purple.png","flask-warm-orange.png","beaker-hot-orange.png","flask-hot-purple.png","p","purple","The water | in the flask | is boiling | and purple.","The water | in the flask | is boiling | and purple.","RB","RT","4_flask",8
"List4",4,"List4","exp",5,"beaker","cool",10,"beaker-cool-purple.png","beaker-cold-orange.png","flask-cool-purple.png","flask-cold-orange.png","beaker-cold-orange.png","flask-cold-orange.png","beaker-cool-purple.png","flask-cool-purple.png","p","purple","The water | in the beaker | is cool | and purple.","The water | in the beaker | is cool | and purple.","LB","LT","5_beaker",9
"List4",4,"List4","exp",5,"flask","cool",10,"flask-cool-purple.png","flask-cold-orange.png","beaker-cool-purple.png","beaker-cold-orange.png","flask-cool-purple.png","beaker-cool-purple.png","flask-cold-orange.png","beaker-cold-orange.png","p","purple","The water | in the flask | is cool | and purple.","The water | in the flask | is cool | and purple.","LT","LB","5_flask",10
"List4",4,"List4","exp",6,"beaker","cool",10,"beaker-cool-orange.png","beaker-cold-green.png","flask-cool-green.png","flask-cold-orange.png","beaker-cold-green.png","flask-cold-orange.png","beaker-cool-orange.png","flask-cool-green.png","o","orange","The water | in the beaker | is cool | and orange.","The water | in the beaker | is cool | and orange.","LB","LT","6_beaker",11
"List4",4,"List4","exp",6,"flask","cool",10,"flask-cool-green.png","flask-cold-orange.png","beaker-cool-orange.png","beaker-cold-green.png","flask-cold-orange.png","beaker-cold-green.png","flask-cool-green.png","beaker-cool-orange.png","g","green","The water | in the flask | is cool | and green.","The water | in the flask | is cool | and green.","LB","LT","6_flask",12
"List4",4,"List4","exp",7,"beaker","freezing",0,"beaker-cold-orange.png","beaker-cool-green.png","flask-cold-orange.png","flask-cool-green.png","beaker-cold-orange.png","flask-cold-orange.png","beaker-cool-green.png","flask-cool-green.png","o","orange","The water | in the beaker | is freezing | and orange.","The water | in the beaker | is freezing | and orange.","LT","LB","7_beaker",13
"List4",4,"List4","exp",7,"flask","freezing",0,"flask-cold-orange.png","flask-cool-green.png","beaker-cold-orange.png","beaker-cool-green.png","flask-cool-green.png","beaker-cool-green.png","flask-cold-orange.png","beaker-cold-orange.png","o","orange","The water | in the flask | is freezing | and orange.","The water | in the flask | is freezing | and orange.","LB","LT","7_flask",14
"List4",4,"List4","exp",8,"beaker","freezing",0,"beaker-cold-green.png","beaker-cool-purple.png","flask-cold-purple.png","flask-cool-green.png","flask-cold-purple.png","beaker-cold-green.png","flask-cool-green.png","beaker-cool-purple.png","g","green","The water | in the beaker | is freezing | and green.","The water | in the beaker | is freezing | and green.","RT","RB","8_beaker",15
"List4",4,"List4","exp",8,"flask","freezing",0,"flask-cold-purple.png","flask-cool-green.png","beaker-cold-green.png","beaker-cool-purple.png","beaker-cool-purple.png","flask-cool-green.png","beaker-cold-green.png","flask-cold-purple.png","p","purple","The water | in the flask | is freezing | and purple.","The water | in the flask | is freezing | and purple.","RB","RT","8_flask",16
"List4",4,"List4","number",9,"beaker","0",0,"beaker-cold-green.png","beaker-cool-purple.png","flask-cold-purple.png","flask-cool-green.png","flask-cold-purple.png","beaker-cold-green.png","flask-cool-green.png","beaker-cool-purple.png","g","green","The water | in the beaker | is about 0 degree| and green.","The water | in the beaker | is about 0 degree| and green.","RT","RB","9_beaker",17
"List4",4,"List4","number",9,"flask","0",0,"flask-cold-purple.png","flask-cool-green.png","beaker-cold-green.png","beaker-cool-purple.png","beaker-cool-purple.png","flask-cool-green.png","beaker-cold-green.png","flask-cold-purple.png","p","purple","The water | in the flask | is about 0 degree| and purple.","The water | in the flask | is about 0 degree| and purple.","RB","RT","9_flask",18
"List4",4,"List4","number",10,"beaker","10",10,"beaker-cool-orange.png","beaker-cold-green.png","flask-cool-green.png","flask-cold-orange.png","beaker-cool-orange.png","flask-cool-green.png","beaker-cold-green.png","flask-cold-orange.png","o","orange","The water | in the beaker | is about 10 degree| and orange.","The water | in the beaker | is about 10 degree| and orange.","LT","LB","10_beaker",19
"List4",4,"List4","number",10,"flask","10",10,"flask-cool-green.png","flask-cold-orange.png","beaker-cool-orange.png","beaker-cold-green.png","flask-cold-orange.png","beaker-cold-green.png","flask-cool-green.png","beaker-cool-orange.png","g","green","The water | in the flask | is about 10 degree| and green.","The water | in the flask | is about 10 degree| and green.","LB","LT","10_flask",20
"List4",4,"List4","number",11,"beaker","60",60,"beaker-warm-orange.png","beaker-hot-purple.png","flask-warm-purple.png","flask-hot-orange.png","flask-hot-orange.png","beaker-hot-purple.png","flask-warm-purple.png","beaker-warm-orange.png","o","orange","The water | in the beaker | is about 60 degree| and orange.","The water | in the beaker | is about 60 degree| and orange.","RB","RT","11_beaker",21
"List4",4,"List4","number",11,"flask","60",60,"flask-warm-purple.png","flask-hot-orange.png","beaker-warm-orange.png","beaker-hot-purple.png","beaker-hot-purple.png","flask-hot-orange.png","beaker-warm-orange.png","flask-warm-purple.png","p","purple","The water | in the flask | is about 60 degree| and purple.","The water | in the flask | is about 60 degree| and purple.","RB","RT","11_flask",22
"List4",4,"List4","number",12,"beaker","100",100,"beaker-hot-green.png","beaker-warm-purple.png","flask-hot-purple.png","flask-warm-green.png","flask-hot-purple.png","beaker-hot-green.png","flask-warm-green.png","beaker-warm-purple.png","g","green","The water | in the beaker | is about 100 degree| and green.","The water | in the beaker | is about 100 degree| and green.","RT","RB","12_beaker",23
"List4",4,"List4","number",12,"flask","100",100,"flask-hot-purple.png","flask-warm-green.png","beaker-hot-green.png","beaker-warm-purple.png","beaker-hot-green.png","flask-hot-purple.png","beaker-warm-purple.png","flask-warm-green.png","p","purple","The water | in the flask | is about 100 degree| and purple.","The water | in the flask | is about 100 degree| and purple.","RT","RB","12_flask",24
"List4",4,"List4","typeB",13,"flask","0",0,"flask-cool-green.png","flask-cool-orange.png","beaker-cold-orange.png","beaker-cold-green.png","flask-cool-orange.png","beaker-cold-green.png","flask-cool-green.png","beaker-cold-orange.png","g","green","The water | in the flask | is about 0 degree| and green.","The water | in the flask | is about 0 degree| and green.","LB","LT","13_flask",25
"List4",4,"List4","typeB",14,"flask","0",0,"flask-cool-purple.png","flask-cool-orange.png","beaker-cold-orange.png","beaker-cold-purple.png","flask-cool-purple.png","beaker-cold-orange.png","flask-cool-orange.png","beaker-cold-purple.png","p","purple","The water | in the flask | is about 0 degree| and purple.","The water | in the flask | is about 0 degree| and purple.","LT","LB","14_flask",26
"List4",4,"List4","typeB",15,"beaker","10",10,"beaker-cool-green.png","beaker-cool-purple.png","flask-cold-green.png","flask-cold-purple.png","flask-cold-green.png","beaker-cool-green.png","flask-cold-purple.png","beaker-cool-purple.png","g","green","The water | in the beaker | is about 10 degree| and green.","The water | in the beaker | is about 10 degree| and green.","RT","RB","15_beaker",27
"List4",4,"List4","typeB",16,"beaker","10",10,"beaker-cool-orange.png","beaker-cool-green.png","flask-cold-orange.png","flask-cold-green.png","flask-cold-green.png","beaker-cool-green.png","flask-cold-orange.png","beaker-cool-orange.png","o","orange","The water | in the beaker | is about 10 degree| and orange.","The water | in the beaker | is about 10 degree| and orange.","RB","RT","16_beaker",28
"List4",4,"List4","typeB",17,"flask","60",60,"flask-hot-purple.png","flask-hot-orange.png","beaker-warm-orange.png","beaker-warm-purple.png","flask-hot-orange.png","beaker-warm-purple.png","flask-hot-purple.png","beaker-warm-orange.png","p","purple","The water | in the flask | is about 60 degree| and purple.","The water | in the flask | is about 60 degree| and purple.","LB","LT","17_flask",29
"List4",4,"List4","typeB",18,"beaker","60",60,"beaker-warm-green.png","beaker-warm-purple.png","flask-hot-green.png","flask-hot-purple.png","beaker-warm-green.png","flask-hot-green.png","beaker-warm-purple.png","flask-hot-purple.png","g","green","The water | in the beaker | is about 60 degree| and green.","The water | in the beaker | is about 60 degree| and green.","LT","LB","18_beaker",30
"List4",4,"List4","typeB",19,"beaker","100",100,"beaker-hot-orange.png","beaker-hot-green.png","flask-warm-orange.png","flask-warm-green.png","beaker-hot-orange.png","flask-warm-orange.png","beaker-hot-green.png","flask-warm-green.png","o","orange","The water | in the beaker | is about 100 degree| and orange.","The water | in the beaker | is about 100 degree| and orange.","LT","LB","19_beaker",31
"List4",4,"List4","typeB",20,"flask","100",100,"flask-warm-purple.png","flask-warm-orange.png","beaker-hot-orange.png","beaker-hot-purple.png","beaker-hot-purple.png","flask-warm-orange.png","beaker-hot-orange.png","flask-warm-purple.png","p","purple","The water | in the flask | is about 100 degree| and purple.","The water | in the flask | is about 100 degree| and purple.","RB","RT","20_flask",32
